<ImportExportXml version="9.2.21121.125" SolutionPackageVersion="9.2" languagecode="1033" generatedBy="CrmLive" xmlns:xsi="http://www.w3.org/2001/XMLSchema-instance">
  <SolutionManifest>
    <UniqueName>TechReview</UniqueName>
    <LocalizedNames>
      <LocalizedName description="Tech Review" languagecode="1033" />
    </LocalizedNames>
    <Descriptions />
    <Version>1.0.0.1</Version>
    <Managed>1</Managed>
    <Publisher>
      <UniqueName>HlsTechLeadershipCouncil</UniqueName>
      <LocalizedNames>
        <LocalizedName description="HLS Tech Leadership Council" languagecode="1033" />
      </LocalizedNames>
      <Descriptions />
      <EMailAddress xsi:nil="true"></EMailAddress>
      <SupportingWebsiteUrl xsi:nil="true"></SupportingWebsiteUrl>
      <CustomizationPrefix>tlc</CustomizationPrefix>
      <CustomizationOptionValuePrefix>12000</CustomizationOptionValuePrefix>
      <Addresses>
        <Address>
          <AddressNumber>1</AddressNumber>
          <AddressTypeCode>1</AddressTypeCode>
          <City xsi:nil="true"></City>
          <County xsi:nil="true"></County>
          <Country xsi:nil="true"></Country>
          <Fax xsi:nil="true"></Fax>
          <FreightTermsCode xsi:nil="true"></FreightTermsCode>
          <ImportSequenceNumber xsi:nil="true"></ImportSequenceNumber>
          <Latitude xsi:nil="true"></Latitude>
          <Line1 xsi:nil="true"></Line1>
          <Line2 xsi:nil="true"></Line2>
          <Line3 xsi:nil="true"></Line3>
          <Longitude xsi:nil="true"></Longitude>
          <Name xsi:nil="true"></Name>
          <PostalCode xsi:nil="true"></PostalCode>
          <PostOfficeBox xsi:nil="true"></PostOfficeBox>
          <PrimaryContactName xsi:nil="true"></PrimaryContactName>
          <ShippingMethodCode>1</ShippingMethodCode>
          <StateOrProvince xsi:nil="true"></StateOrProvince>
          <Telephone1 xsi:nil="true"></Telephone1>
          <Telephone2 xsi:nil="true"></Telephone2>
          <Telephone3 xsi:nil="true"></Telephone3>
          <TimeZoneRuleVersionNumber xsi:nil="true"></TimeZoneRuleVersionNumber>
          <UPSZone xsi:nil="true"></UPSZone>
          <UTCOffset xsi:nil="true"></UTCOffset>
          <UTCConversionTimeZoneCode xsi:nil="true"></UTCConversionTimeZoneCode>
        </Address>
        <Address>
          <AddressNumber>2</AddressNumber>
          <AddressTypeCode>1</AddressTypeCode>
          <City xsi:nil="true"></City>
          <County xsi:nil="true"></County>
          <Country xsi:nil="true"></Country>
          <Fax xsi:nil="true"></Fax>
          <FreightTermsCode xsi:nil="true"></FreightTermsCode>
          <ImportSequenceNumber xsi:nil="true"></ImportSequenceNumber>
          <Latitude xsi:nil="true"></Latitude>
          <Line1 xsi:nil="true"></Line1>
          <Line2 xsi:nil="true"></Line2>
          <Line3 xsi:nil="true"></Line3>
          <Longitude xsi:nil="true"></Longitude>
          <Name xsi:nil="true"></Name>
          <PostalCode xsi:nil="true"></PostalCode>
          <PostOfficeBox xsi:nil="true"></PostOfficeBox>
          <PrimaryContactName xsi:nil="true"></PrimaryContactName>
          <ShippingMethodCode>1</ShippingMethodCode>
          <StateOrProvince xsi:nil="true"></StateOrProvince>
          <Telephone1 xsi:nil="true"></Telephone1>
          <Telephone2 xsi:nil="true"></Telephone2>
          <Telephone3 xsi:nil="true"></Telephone3>
          <TimeZoneRuleVersionNumber xsi:nil="true"></TimeZoneRuleVersionNumber>
          <UPSZone xsi:nil="true"></UPSZone>
          <UTCOffset xsi:nil="true"></UTCOffset>
          <UTCConversionTimeZoneCode xsi:nil="true"></UTCConversionTimeZoneCode>
        </Address>
      </Addresses>
    </Publisher>
    <RootComponents>
      <RootComponent type="1" schemaName="systemuser" behavior="0" />
      <RootComponent type="1" schemaName="tlc_scenario" behavior="0" />
      <RootComponent type="9" schemaName="tlc_scenariostatus" behavior="0" />
      <RootComponent type="20" id="{071d5766-ef0c-ec11-b6e6-00224822d42b}" behavior="0" />
      <RootComponent type="20" id="{86950e47-ef0c-ec11-b6e6-00224822d42b}" behavior="0" />
      <RootComponent type="20" id="{b0033078-ed0c-ec11-b6e6-00224822d42b}" behavior="0" />
      <RootComponent type="29" id="{226a7c88-2e22-ec11-b6e6-000d3a4d7c9e}" behavior="0" />
      <RootComponent type="29" id="{34bbffa3-8362-ec11-8f8f-0022483120e7}" behavior="0" />
      <RootComponent type="29" id="{3ce5252d-8462-ec11-8f8f-0022483120e7}" behavior="0" />
      <RootComponent type="62" schemaName="tlc_ReviewBoardRequests" behavior="0" />
      <RootComponent type="80" schemaName="tlc_ReviewBoardRequests" behavior="0" />
    </RootComponents>
    <MissingDependencies>
      <MissingDependency>
        <Required type="1" schemaName="appusersetting" displayName="Model-Driven App User Setting" solution="AppModule (9.1.21115.211130002)" />
        <Dependent type="1" schemaName="systemuser" displayName="User" />
      </MissingDependency>
      <MissingDependency>
        <Required type="1" schemaName="bot" displayName="Chatbot" solution="PowerVirtualAgents (2.0.0.87)">
          <package>msdynce_CustomerCareIntelligenceBots_Anchor (2.0.0.87)</package>
        </Required>
        <Dependent type="1" schemaName="systemuser" displayName="User" />
      </MissingDependency>
      <MissingDependency>
        <Required type="1" schemaName="usermobileofflineprofilemembership" displayName="UserMobileOfflineProfileMembership" solution="MobileOfflineMembership (1.0.0.2)" />
        <Dependent type="1" schemaName="systemuser" displayName="User" />
      </MissingDependency>
      <MissingDependency>
        <Required type="61" schemaName="msdyn_/Images/AppModule_Default_Icon.png" displayName="msdyn_/Images/AppModule_Default_Icon.png" solution="AppModuleWebResources (2.5)" />
        <Dependent type="80" schemaName="tlc_ReviewBoardRequests" displayName="Review Board Requests" />
      </MissingDependency>
      <MissingDependency>
        <Required type="66" schemaName="MscrmControls.FieldControls.ToggleControl" displayName="MscrmControls.FieldControls.ToggleControl" solution="BaseCustomControlsCore (9.0.2111.5017)" />
        <Dependent type="60" displayName="Review Board Request" parentDisplayName="Scenario" id="{1501d341-3812-ec11-b6e6-000d3a5671e3}" />
      </MissingDependency>
    </MissingDependencies>
  </SolutionManifest>
</ImportExportXml>