{"properties":{"connectionReferences":{"shared_teams":{"runtimeSource":"embedded","connection":{"connectionReferenceLogicalName":"tlc_sharedteams_ea2db"},"api":{"name":"shared_teams"}},"shared_commondataserviceforapps":{"runtimeSource":"embedded","connection":{"connectionReferenceLogicalName":"tlc_sharedcommondataserviceforapps_ef4d7"},"api":{"name":"shared_commondataserviceforapps"}}},"definition":{"$schema":"https://schema.management.azure.com/providers/Microsoft.Logic/schemas/2016-06-01/workflowdefinition.json#","contentVersion":"1.0.0.0","parameters":{"$connections":{"defaultValue":{},"type":"Object"},"$authentication":{"defaultValue":{},"type":"SecureObject"}},"triggers":{"When_a_row_is_added,_modified_or_deleted":{"type":"OpenApiConnectionWebhook","inputs":{"host":{"connectionName":"shared_commondataserviceforapps","operationId":"SubscribeWebhookTrigger","apiId":"/providers/Microsoft.PowerApps/apis/shared_commondataserviceforapps"},"parameters":{"subscriptionRequest/message":1,"subscriptionRequest/entityname":"tlc_scenario","subscriptionRequest/scope":4},"authentication":"@parameters('$authentication')"}}},"actions":{"Post_adaptive_card_in_a_chat_or_channel":{"runAfter":{"Get_Sponsor_Name":["Succeeded"]},"type":"OpenApiConnection","inputs":{"host":{"connectionName":"shared_teams","operationId":"PostCardToConversation","apiId":"/providers/Microsoft.PowerApps/apis/shared_teams"},"parameters":{"poster":"Flow bot","location":"Channel","body/recipient/groupId":"fc20461a-f388-44b7-8291-e4c711631a48","body/recipient/channelId":"19:VZvuSWaqpI8YfBoCJ9wg5dMDhdIHaybmn6BgS7dzaZ41@thread.tacv2","body/messageBody":"{\n    \"type\": \"AdaptiveCard\",\n    \"body\": [\n        {\n            \"type\": \"TextBlock\",\n            \"size\": \"Large\",\n            \"weight\": \"Bolder\",\n            \"text\": \"New Solution Summited for Review\",\n        },\n        {\n            \"type\": \"ColumnSet\",\n            \"columns\": [\n                {\n                    \"type\": \"Column\",\n                    \"items\": [\n                        {\n                            \"type\": \"Image\",\n                            \"style\": \"Person\",\n                            \"size\": \"Small\",\n                            \"url\": \"https://www.pikpng.com/pngl/m/258-2582087_png-transparent-daily-mindfulness-matrix-mind-atlas-think.png\"\n                        }\n                    ],\n                    \"width\": \"auto\"\n                },\n                {\n                    \"type\": \"Column\",\n                    \"items\": [\n                        {\n                            \"type\": \"TextBlock\",\n                            \"weight\": \"Bolder\",\n                            \"text\": \"@{outputs('Get_Sponsor_Name')?['body/fullname']}\",\n                            \"wrap\": true\n                        },\n                        {\n                            \"type\": \"TextBlock\",\n                            \"spacing\": \"None\",\n                            \"text\": \"Created on: @{triggerOutputs()?['body/createdon']}\",\n                            \"isSubtle\": true,\n                            \"wrap\": true\n                        }\n                    ],\n                    \"width\": \"stretch\"\n                }\n            ]\n        },\n        {\n            \"type\": \"TextBlock\",\n            \"wrap\": true,\n            \"text\": \"@{triggerOutputs()?['body/tlc_name']} has been submitted and is ready to review by the Cross Cloud Solution Review Board to see if this is a solution we are a going to accept for solutioning. Click the button below to see the details of the submission. \"\n        },\n        {\n            \"type\": \"FactSet\",\n            \"facts\": [\n                {\n                    \"title\": \"Customer & TPID\",\n                    \"value\": \"@{triggerOutputs()?['body/tlc_customertext']}\"\n                }\n            ]\n        }\n    ],\n    \"actions\": [\n        {\n            \"type\": \"Action.OpenUrl\",\n            \"title\": \"More Details\",\n            \"url\": \"https://teams.microsoft.com/l/entity/a6b63365-31a4-4f43-92ec-710b71557af9/_djb2_msteams_prefix_3111311364?context=%7B%22subEntityId%22%3Anull%2C%22channelId%22%3A%2219%3AVZvuSWaqpI8YfBoCJ9wg5dMDhdIHaybmn6BgS7dzaZ41%40thread.tacv2%22%7D&groupId=fc20461a-f388-44b7-8291-e4c711631a48&tenantId=72f988bf-86f1-41af-91ab-2d7cd011db47\",\n            \"style\": \"positive\"\n        }\n    ],\n    \"$schema\": \"http://adaptivecards.io/schemas/adaptive-card.json\",\n    \"version\": \"1.2\"\n}"},"authentication":"@parameters('$authentication')"}},"Get_Sponsor_Name":{"runAfter":{},"type":"OpenApiConnection","inputs":{"host":{"connectionName":"shared_commondataserviceforapps","operationId":"GetItem","apiId":"/providers/Microsoft.PowerApps/apis/shared_commondataserviceforapps"},"parameters":{"entityName":"systemusers","recordId":"@triggerOutputs()?['body/_tlc_scenariosponsorid_value']"},"authentication":"@parameters('$authentication')"}}}}},"schemaVersion":"1.0.0.0"}